Google,Pixel 6
Motorola,Moto G Power
LG,Velvet
Apple,iPhone 13
Google,Pixel 4a
LG,Wing
Huawei,Nova 7
Google,Pixel 4a
Motorola,Edge 20
Xiaomi,Mi 11
OnePlus,OnePlus 9
Nokia,3.4
LG,Wing
Samsung,Galaxy S23
Google,Pixel 6
Nokia,8.3
Motorola,One Fusion+
Samsung,Galaxy S23
Nokia,3.4
Motorola,Edge 20
Xiaomi,Mi A3
Google,Pixel 5
Google,Pixel 7
Apple,iPhone 13
Samsung,Galaxy Note 20
LG,V60
LG,G8X
Apple,iPhone 12
Xiaomi,Redmi Note 11
Motorola,Razr
Apple,iPhone 11
Huawei,P40
Samsung,Galaxy Note 20
Samsung,Galaxy Note 20
OnePlus,OnePlus Nord
Samsung,Galaxy Note 20
Google,Pixel 4a
Google,Pixel 7
Xiaomi,Mi A3
LG,V60
Xiaomi,Poco X3
OnePlus,OnePlus 9
Google,Pixel 4a
Sony,Xperia 5
Xiaomi,Poco X3
Motorola,Edge 20
Sony,Xperia 10
Nokia,8.3
LG,V60
Huawei,P40
